-- --------------------------------------------------------
-- Servidor:                     127.0.0.1
-- Versão do servidor:           8.0.30 - MySQL Community Server - GPL
-- OS do Servidor:               Win64
-- HeidiSQL Versão:              12.1.0.6537
-- --------------------------------------------------------

/*!40101 SET @OLD_CHARACTER_SET_CLIENT=@@CHARACTER_SET_CLIENT */;
/*!40101 SET NAMES utf8 */;
/*!50503 SET NAMES utf8mb4 */;
/*!40103 SET @OLD_TIME_ZONE=@@TIME_ZONE */;
/*!40103 SET TIME_ZONE='+00:00' */;
/*!40014 SET @OLD_FOREIGN_KEY_CHECKS=@@FOREIGN_KEY_CHECKS, FOREIGN_KEY_CHECKS=0 */;
/*!40101 SET @OLD_SQL_MODE=@@SQL_MODE, SQL_MODE='NO_AUTO_VALUE_ON_ZERO' */;
/*!40111 SET @OLD_SQL_NOTES=@@SQL_NOTES, SQL_NOTES=0 */;


-- Copiando estrutura do banco de dados para jakgame
CREATE DATABASE IF NOT EXISTS `jakgame` /*!40100 DEFAULT CHARACTER SET utf8mb4 COLLATE utf8mb4_0900_ai_ci */ /*!80016 DEFAULT ENCRYPTION='N' */;
USE `jakgame`;

-- Copiando estrutura para tabela jakgame.comentarios
CREATE TABLE IF NOT EXISTS `comentarios` (
  `id_comentario` int NOT NULL AUTO_INCREMENT,
  `comentario` varchar(255) DEFAULT NULL,
  `id_usuario` int DEFAULT NULL,
  `id_jogo` int DEFAULT NULL,
  PRIMARY KEY (`id_comentario`),
  KEY `id_jogo` (`id_jogo`),
  KEY `id_usuario` (`id_usuario`),
  CONSTRAINT `comentarios_ibfk_1` FOREIGN KEY (`id_jogo`) REFERENCES `jogo` (`id`),
  CONSTRAINT `comentarios_ibfk_2` FOREIGN KEY (`id_usuario`) REFERENCES `usuario` (`id`)
) ENGINE=InnoDB AUTO_INCREMENT=22 DEFAULT CHARSET=utf8mb4 COLLATE=utf8mb4_0900_ai_ci;

-- Copiando dados para a tabela jakgame.comentarios: ~0 rows (aproximadamente)
INSERT INTO `comentarios` (`id_comentario`, `comentario`, `id_usuario`, `id_jogo`) VALUES
	(21, 'Que jogo divertido!!!', 5, 3);

-- Copiando estrutura para tabela jakgame.fotos
CREATE TABLE IF NOT EXISTS `fotos` (
  `id_fotos` int NOT NULL AUTO_INCREMENT,
  `foto` varchar(255) DEFAULT NULL,
  `id_jogo` int DEFAULT NULL,
  PRIMARY KEY (`id_fotos`),
  KEY `id_jogo` (`id_jogo`),
  CONSTRAINT `fotos_ibfk_1` FOREIGN KEY (`id_jogo`) REFERENCES `jogo` (`id`)
) ENGINE=InnoDB AUTO_INCREMENT=69 DEFAULT CHARSET=utf8mb4 COLLATE=utf8mb4_0900_ai_ci;

-- Copiando dados para a tabela jakgame.fotos: ~64 rows (aproximadamente)
INSERT INTO `fotos` (`id_fotos`, `foto`, `id_jogo`) VALUES
	(3, 'Four Colors.png', 3),
	(5, 'Pinnacle Racer.png', 5),
	(6, 'Knife Break.png', 6),
	(8, 'Rock Paper Scissors.png', 8),
	(9, 'Rise Up.png', 9),
	(10, 'Tetris Cube.png', 10),
	(11, 'Supercars Puzzle.png', 11),
	(12, 'Robotex.png', 12),
	(13, 'Air Hockey.png', 13),
	(14, 'Guitar Hero.png', 14),
	(15, 'Y8 Drunken Wrestlers.png', 15),
	(16, 'Cyber Cat Assembly.png', 16),
	(17, 'Lung Surgery.png', 17),
	(18, 'Cute Panda Dentist Care.png', 18),
	(19, 'Warzones.png', 19),
	(20, 'Street Football Online 3D.png', 20),
	(21, 'Pac Rat.png', 21),
	(22, 'Fireboy and Watergirl Forest Temple.png', 22),
	(23, 'Silent Sniper.png', 23),
	(24, 'Supra Drift 3D.png', 24),
	(25, 'MaZe.png', 25),
	(26, '9 ball pool.png', 26),
	(27, 'ultimate tictactoe.png', 27),
	(28, 'foosball.png', 28),
	(29, 'How to Build a House.png', 29),
	(30, 'sharkosaurus rampage.png', 30),
	(31, 'animation vs minecraft.png', 31),
	(32, 'run to fit.png', 32),
	(33, 'Rescue Six.png', 33),
	(34, 'Tiranobot Assembly 3D.png', 34),
	(35, 'Carnival with Pop.png', 35),
	(36, 'Highway Super Bike Sim.png', 36),
	(37, 'Hell Biker.png', 37),
	(38, 'Choppin Frenzy.png', 38),
	(39, 'Slope.png', 39),
	(40, 'Moto X3m 3.png', 40),
	(41, 'Death Run 3D.png', 41),
	(42, 'Impossible Bike Stunt 3D.png', 42),
	(43, 'Drunken Archers Duel.png', 43),
	(44, 'Penalty Kicks.png', 44),
	(45, 'Stickman Boost! 2.png', 45),
	(46, 'Color Spin.png', 46),
	(47, 'Wow Words.png', 47),
	(48, 'Parkour GO.png', 48),
	(49, 'Battle Robot T-Rex Age.png', 49),
	(50, 'Woblox.png', 50),
	(51, 'Catch the Ball 2.png', 51),
	(52, 'Ludo Classic.png', 52),
	(53, 'mr gun y8.png', 53),
	(54, 'merge push.png', 54),
	(55, 'shot pong.png', 55),
	(56, 'drunken duell.png', 56),
	(57, 'jogo-da-sustentabilidade.png', 57),
	(58, 'ecocasa-remake.png', 58),
	(59, 'contra-corona.png', 59),
	(60, 'o-dever-me-chama.png', 60),
	(61, 'contra-dengue-3.png', 61),
	(62, 'elementar.png', 62),
	(63, 'mergulho-marinho.png', 63),
	(64, 'cruzadinha-da-reciclagem.png', 64),
	(65, 'quebra-cabeca-da-agua.png', 65),
	(66, 'ecoaqua.png', 66),
	(67, 'pizza.png', 67),
	(68, 'water cup.png', 68);

-- Copiando estrutura para tabela jakgame.jogo
CREATE TABLE IF NOT EXISTS `jogo` (
  `id` int NOT NULL AUTO_INCREMENT,
  `jogo` varchar(255) DEFAULT NULL,
  `link` varchar(500) DEFAULT NULL,
  `descricao` varchar(500) DEFAULT NULL,
  PRIMARY KEY (`id`)
) ENGINE=InnoDB AUTO_INCREMENT=69 DEFAULT CHARSET=utf8mb4 COLLATE=utf8mb4_0900_ai_ci;

-- Copiando dados para a tabela jakgame.jogo: ~64 rows (aproximadamente)
INSERT INTO `jogo` (`id`, `jogo`, `link`, `descricao`) VALUES
	(3, 'Four Colors', '<iframe src="https://y8.com/embed/four_colors" scrolling="no" style="width: 960px; height: 600px; border: 0; margin: 0; padding: 0;"> </iframe>', 'Four Colors é um divertido jogo de cartas que consiste em se livrar de todas as cartas que tiver em mãos. Combine o cartão por cores ou números para se livrar deles. O primeiro que tirar todas as cartas é o vencedor!\r\n'),
	(5, 'Pinnacle Racer', '<iframe src="https://y8.com/embed/pinnacle_racer" scrolling="no" style="width: 1043px; height: 587px; border: 0; margin: 0; padding: 0;"> </iframe>', 'Acelere seu motor porque você está prestes a jogar a corrida da sua vida neste jogo, Pinnacle Racer. Esteja no topo de todas as corridas. Desbloqueie todas as pistas e maximize todas as atualizações em todos os 4 carros. Use seu impulso no momento certo e certifique-se de fazer curvas limpas em todas as curvas da pista. Ultrapasse todos os seus concorrentes e fique no topo da corrida e acabará ficando com os profissionais na tabela de classificação!'),
	(6, 'Knife Break', '<iframe src="https://y8.com/embed/knife_break" scrolling="no" style="width: 480px; height: 855px; border: 0; margin: 0; padding: 0;"> </iframe>', 'Jogue todas as facas no alvo e destrua-o! Não tenha pressa e tome cuidado para não acertar as outras facas. Termine todos os níveis e divirta-se jogando este jogo simples, mas desafiador, Knife Break!'),
	(8, 'Rock Paper Scissors', '<iframe src="https://y8.com/embed/rock_paper_scissors" scrolling="no" style="width: 800px; height: 600px; border: 0; margin: 0; padding: 0;"> </iframe>', 'Você precisa tomar uma decisão sobre o que escolherá para cada rodada. Tente superar o adversário e vencer a partida, o que significará pontos extras e uma posição na tabela de classificação.'),
	(9, 'Rise Up', '<iframe src="https://y8.com/embed/rise_up" scrolling="no" style="width: 493px; height: 739px; border: 0; margin: 0; padding: 0;"> </iframe>', 'Rise Up é um jogo de corrida sem fim e a única coisa que você precisa fazer é subir! À medida que você ganha nível, a velocidade aumenta, o que torna cada vez mais difícil continuar. Quão longe você pode ir?'),
	(10, 'Tetris Cube', '<iframe src="https://y8.com/embed/tetris_cube" scrolling="no" style="width: 600px; height: 900px; border: 0; margin: 0; padding: 0;"> </iframe>', 'Tetris Cube é um jogo de tetris 3D altamente viciante. Coloque ordem no caos, organize os blocos e destrua as camadas perfeitamente usando uma peça. Quão longe você pode ir? Quão alto você pode alcançar? Jogue agora e tenha seu nome na tabela de classificação!'),
	(11, 'Supercars Puzzle', '<iframe src="https://y8.com/embed/supercars_puzzle" scrolling="no" style="width: 800px; height: 480px; border: 0; margin: 0; padding: 0;"> </iframe>', 'Neste jogo, você recebe algumas figuras de alguns supercarros e a imagem é cortada em muitas partes pequenas. Você também recebe um layout das peças cortadas. Basta colocar a peça certa no lugar certo para que fique uma imagem completa da mesma forma.'),
	(12, 'Robotex', '<iframe src="https://y8.com/embed/robotex" scrolling="no" style="width: 800px; height: 450px; border: 0; margin: 0; padding: 0;"> </iframe>', 'Arraste e solte a peça correta do quebra-cabeça no modelo exclusivo da Robotex. Apresentando um total de vinte níveis diferentes, o objetivo neste jogo de quebra-cabeça é completar todos os robôs transformadores enquanto se diverte muito. Depois de montar os vinte robôs, aparecerá uma fase bônus onde você precisará completar um modelo de super carro.'),
	(13, 'Air Hockey', '<iframe src="https://y8.com/embed/air_hockey" scrolling="no" style="width: 529px; height: 794px; border: 0; margin: 0; padding: 0;"> </iframe>', 'Controle o martelo com o mouse e tente empurrar o disco para o gol do jogador adversário. Aproveite o Air Hockey, um jogo online rápido!\r\n'),
	(14, 'Guitar Hero', '<iframe src="https://y8.com/embed/guitar_hero" scrolling="no" style="width: 450px; height: 800px; border: 0; margin: 0; padding: 0;"> </iframe>', 'Jogo de habilidade-Arcade onde você deve mostrar sua habilidade para chegar na hora de acertar as notas, apertar os 3 botões quando as notas estão próximas, para tocar violão lindamente e se tornar o Guitar Hero.\r\n'),
	(15, 'Drunken Wrestlers', '<iframe src="https://y8.com/embed/y8_drunken_wrestlers" scrolling="no" style="width: 800px; height: 450px; border: 0; margin: 0; padding: 0;"> </iframe>', 'Drunken Wrestlers é um jogo de luta minimalista sobre lutadores bêbados que estão prestes a provar no ringue quem é o chefe! Jogue como um único jogador ou com um amigo. O objetivo é forçar o oponente a perder o equilíbrio ou infligir danos críticos que resultem na vitória da partida. A partida vai para 5 vitórias. Divirta-se jogando o jogo Drunken Wrestlers'),
	(16, 'Cyber Cat Assembly', '<iframe src="https://y8.com/embed/cyber_cat_assembly" scrolling="no" style="width: 960px; height: 512px; border: 0; margin: 0; padding: 0;"> </iframe>', 'Outro capítulo do jogo Cyber Assembly onde você criará um gato ciborgue. A princípio não perca nenhuma peça em chamas, pegue todas as peças e monte o Cyber Cat. Teste a habilidade deste gato realizando algumas atividades. Para testar as patas traseiras, salte sobre as plataformas e colete as estrelas. Use sua mente e resolva o quebra-cabeça antes que o tempo acabe. No final você pode escolher a cor do seu gato, para ficar único.'),
	(17, 'Lung Surgery', '<iframe src="https://y8.com/embed/lung_surgery" scrolling="no" style="width: 800px; height: 600px; border: 0; margin: 0; padding: 0;"> </iframe>', 'Oh não! Esta pobre jovem está com dificuldade para respirar. Ela fez um exame pulmonar e, como seu médico, os resultados não são tão bons. Ela precisa de uma grande cirurgia pulmonar porque há algo que está bloqueando dentro de seus pulmões. Ajude esta jovem a ter uma cirurgia bem-sucedida e faça com que ela se sinta melhor novamente.'),
	(18, 'Cute Panda Dentist Care', '<iframe src="https://y8.com/embed/cute_panda_dentist_care" scrolling="no" style="width: 800px; height: 600px; border: 0; margin: 0; padding: 0;"> </iframe>', 'Sempre quis ser dentista? Você acha que pode fazer um trabalho melhor do que o seu dentista local? Agora é sua chance. Torne-se um dentista neste jogo de dentista com tema Cute Little Panda.\r\nCuide da saúde bucal dela e faça com que seus dentes brilhem.'),
	(19, 'Warzones', '<iframe src="https://y8.com/embed/warzones" scrolling="no" style="width: 960px; height: 640px; border: 0; margin: 0; padding: 0;"> </iframe>', 'Bem-vindo às zonas de guerra! Sua equipe contra 100 inimigos. Quanto mais você mata, mais dinheiro você ganha, que pode usar na compra de armas melhores e mais poderosas. Mate o máximo que puder para ganhar pontos maiores e você poderá ser um na tabela de classificação. Desbloqueie todas as conquistas enquanto joga este jogo de tiro em primeira pessoa e veja se consegue matar todos eles!\r\n'),
	(20, 'Street Football Online 3D', '<iframe src="https://y8.com/embed/street_football_online_3d" scrolling="no" style="width: 960px; height: 660px; border: 0; margin: 0; padding: 0;"> </iframe>', 'Jogue partidas de futebol de rua contra grandes times internacionais. Jogue sozinho contra o computador ou contra outros jogadores online e seja o melhor!\r\n'),
	(21, 'Pac Rat', '<iframe src="https://y8.com/embed/pac_rat" scrolling="no" style="width: 800px; height: 600px; border: 0; margin: 0; padding: 0;"> </iframe>', 'Este rato fofo está morrendo de fome! Ajude-o a comer o máximo de queijo possível! Mas tome cuidado com os gatos desagradáveis que irão persegui-lo por todo o tabuleiro!'),
	(22, 'Fireboy and Watergirl Forest Temple', '<iframe src="https://y8.com/embed/the_forest_temple" scrolling="no" style="width: 900px; height: 510px; border: 0; margin: 0; padding: 0;"> </iframe>', '**Fireboy and Watergirl: Forest Temple** é um viciante jogo de plataforma e quebra-cabeça no qual você deve controlar dois personagens simultaneamente.'),
	(23, 'Silent Sniper', '<iframe src="https://y8.com/embed/silent_sniper" scrolling="no" style="width: 960px; height: 640px; border: 0; margin: 0; padding: 0;"> </iframe>', 'Você deu cinco minutos para uma matança. Prepare sua arma de atirador e amplie os caminhantes mortos e coloque uma bala na cabeça deles, se puder. O objetivo neste jogo é matar o máximo de zumbis que puder. Quanto mais longe for o seu tiro, maior será a pontuação. O tiro no corpo é fácil, mas o tiro na cabeça é o melhor!\r\n'),
	(24, 'Supra Drift 3D', '<iframe src="https://y8.com/embed/supra_drift_3d" scrolling="no" style="width: 1000px; height: 660px; border: 0; margin: 0; padding: 0;"> </iframe>', 'Supra Drift 3D é uma ótima oportunidade para dar uma volta no famoso Toyota Supra. Neste jogo você não só terá a liberdade de dirigir, mas também dará um toque pessoal a ele. Você pode primeiro escolher uma cor, escolher um kit de carroceria legal e depois ajustá-lo! Esta máquina fera é boa tanto para corridas quanto para drifting. Com um ambiente urbano realista esperando por você, você terá a chance de queimar borracha onde quiser. Nenhum trânsito irritante ou chance de ficar sem combustível. '),
	(25, 'MaZe', '<iframe src="https://y8.com/embed/maze" scrolling="no" style="width: 640px; height: 800px; border: 0; margin: 0; padding: 0;"> </iframe>', 'Maze é um jogo simples, mas muito desafiador. Sua única tarefa é encontrar uma saída antes que o tempo acabe. Quanto mais rápido você sair, maior será sua pontuação. Então você está confiante de que terá seu nome na tabela de classificação?'),
	(26, '9 Ball Pool', '<iframe src="https://y8.com/embed/9_ball_pool" scrolling="no" style="width: 800px; height: 600px; border: 0; margin: 0; padding: 0;"> </iframe>', 'Parece que você sabe jogar nas mesas de sinuca. Quão rápido você consegue encaçapar a bola 9? Comece quebrando as bolas acertando a bola branca no conjunto montado. Marque pontos encaçapando as bolas de número inferior antes de afundar a bola 9. Desfrute de um jogo de sinuca bem feito com o modo de jogo de 9 bolas.'),
	(27, 'Ultimate TicTacToe', '<iframe src="https://y8.com/embed/ultimate_tictactoe" scrolling="no" style="width: 500px; height: 900px; border: 0; margin: 0; padding: 0;"> </iframe>', 'Cansado do mesmo jogo TicTacToe? Bem, se você quer um desafio maior e uma nova maneira de fazer o normal, então este jogo é para você. O Ultimate TicTacToe lhe dará não apenas o 3x3 normal, mas também o 5x5 e o 7x7. Nessas novas grades seu objetivo é fazer 4 partidas. E a melhor parte deste jogo é que você pode jogar com seus amigos! Competir com eles e estar na lista de pontuações mais altas!'),
	(28, 'Foosball', '<iframe src="https://y8.com/embed/foosball" scrolling="no" style="width: 800px; height: 600px; border: 0; margin: 0; padding: 0;"> </iframe>', 'Bem-vindo ao famoso jogo de futebol de mesa, Pebolim! Jogue contra um amigo ou contra o computador. Você pode até jogar o torneio inteiro com 5 níveis. Aquele que primeiro marcar 5 gols vencerá o jogo! Este é um jogo divertido e desafiador que você pode jogar no seu navegador ou até mesmo em seus tablets ou celulares.\r\n'),
	(29, 'How to Build a House', '<iframe src="https://y8.com/embed/how_to_build_a_house" scrolling="no" style="width: 800px; height: 450px; border: 0; margin: 0; padding: 0;"> </iframe>', 'Como construir uma casa é um jogo de construção divertido de jogar. Você precisa construir uma casa usando todas as máquinas disponíveis. Use todos os caminhões, como caminhões basculantes, proclainer, rolos compactadores, guindastes e muitas outras máquinas pesadas, e use-os para cavar o terreno e construir uma casa. Primeiro, use as peças e construa o caminhão, abasteça-os e cave o terreno e estabeleça todas as fundações necessárias e finalmente limpe-as. Aproveite e explore todas as máquinas '),
	(30, 'Sharkosaurus Rampage', '<iframe src="https://y8.com/embed/sharkosaurus_rampage" scrolling="no" style="width: 800px; height: 530px; border: 0; margin: 0; padding: 0;"> </iframe>', 'Sharkosaurus Rampage é um jogo devastador e mortal de se jogar. Em algum lugar da ilha secreta estão sendo feitos alguns experimentos. Eles criaram as espécies mais recentes e extremamente perigosas, que se libertaram e estão em alta no laboratório. O Sharkosaurus quer escapar do laboratório, então ajude esta criatura perigosa a se libertar. Então coma as pessoas que intervêm no Sharkosaurus e destrua todos os obstáculos dentro do laboratório. Limpe todos os níveis mortais e ganhe o jogo. Como o'),
	(31, 'Animation vs Minecraft', '<iframe src="https://y8.com/embed/animation_vs_minecraft" scrolling="no" style="width: 800px; height: 450px; border: 0; margin: 0; padding: 0;"> </iframe>', 'Animation vs Minecraft é um divertido jogo de luta e aventura. Todos nós conhecemos nosso stickman de animação favorito que vive no mundo do computador. Outro melhor herói do Minecraft onde ambos querem conquistar o mundo um do outro. Então ajude o homenzinho da animação a defender seu mundo e revidar e destruir o Minecraft. Atualize o stickman de animação com armas e trajes, você também pode criar seu próprio mundo defensivo com seus próprios tijolos e blocos e compartilhar as capturas de tela.'),
	(32, 'Run to Fit', '<iframe src="https://y8.com/embed/animation_vs_minecraft" scrolling="no" style="width: 800px; height: 450px; border: 0; margin: 0; padding: 0;"> </iframe>', 'Run to Fit é um jogo regulador habitual saudável. Tudo o que você precisa para coletar alimentos que às vezes são saudáveis e às vezes junk food. Coletar vegetais saudáveis deixa você em forma e se você escolher junk food você ficará gordinho. Então escolha de acordo com o nível e limpe todos os níveis. Às vezes você precisa ser o contrário, como escolher estar em forma e gordinho para superar os obstáculos, gordinho você pode quebrar vidros e magro você pode pular obstáculos.'),
	(33, 'Rescue Six', '<iframe src="https://y8.com/embed/animation_vs_minecraft" scrolling="no" style="width: 800px; height: 450px; border: 0; margin: 0; padding: 0;"> </iframe>', 'Liberta os reféns do terrorista na casa. A tua responsabilidade é limpar a casa e o bairro, dos terroristas que prendem os residentes como reféns. Para isso, usa todas as armas e munição disponíveis e termina a missão, libertando as pessoas.\r\n'),
	(34, 'Tiranobot Assembly 3D', '<iframe src="https://y8.com/embed/tiranobot_assembly_3d" scrolling="no" style="width: 800px; height: 450px; border: 0; margin: 0; padding: 0;"> </iframe>', 'Tiranobot Assembly 3D é um jogo divertido no qual você pode tentar montar o incrível Tiranobot! Tiranobot é um enorme robô construído para enfrentar e conter os inimigos.'),
	(35, 'Carnival with Pop', '<iframe src="https://y8.com/embed/carnival_with_pop" scrolling="no" style="width: 800px; height: 600px; border: 0; margin: 0; padding: 0;"> </iframe>', 'Carnival with Pop é um divertido jogo de aventura para crianças. Você está pronto para uma divertida aventura no carnaval com Pop? As crianças estão sempre animadas para se divertir e passear nos carnavais! Agora é a sua hora de aproveitar e principalmente se você estiver junto com seu Pop! Prepare-se para jogar minijogos como estourar balões, esmagar coelhos, atirar em patos, correr de kart e muito mais! É uma casa de carnaval cheia de diversão e emoção!'),
	(36, 'Highway Super Bike Sim', '<iframe src="https://y8.com/embed/highway_super_bike_sim" scrolling="no" style="width: 800px; height: 640px; border: 0; margin: 0; padding: 0;"> </iframe>', 'Highway Super Bike Sim - torne-se um motociclista profissional e participe de corridas incríveis. Tenha cuidado ao fazer curvas em alta velocidade e use o freio se necessário. Dirija uma motocicleta grande e potente e vença sempre as corridas! Tenha um bom jogo!'),
	(37, 'Hell Biker', '<iframe src="https://y8.com/embed/hell_biker" scrolling="no" style="width: 800px; height: 643px; border: 0; margin: 0; padding: 0;"> </iframe>', 'Hell Biker é um jogo maluco de corrida de moto. Atire ou bombardeie seus oponentes com as atualizações que você escolher na pista. Procure nitros também. É uma jornada difícil chegar à linha de chegada, então é melhor você ser esperto e estar sempre no modo de direção defensivo. Desbloqueie todas as conquistas e termine a pista no menor tempo possível para obter maior pontuação!\r\n'),
	(38, 'Choppin\' Frenzy', '<iframe src="https://y8.com/embed/choppin_frenzy" scrolling="no" style="width: 800px; height: 600px; border: 0; margin: 0; padding: 0;"> </iframe>', 'Choppin\' Frenzy é um divertido jogo de corte reflexivo para jogar. Cortar as frutas e os vegetais será uma verdadeira diversão em um ritmo muito rápido. Este jogo proporcionará a melhor experiência para cortar vegetais e frutas. Esteja atento e aumente seus reflexos para conseguir cortar os itens com muita precisão. Atualize a faca para espadas e cada vez mais itens, desde frutas e vegetais, liste para picar mais.'),
	(39, 'Slope', '<iframe src="https://y8.com/embed/slope" scrolling="no" style="width: 960px; height: 641px; border: 0; margin: 0; padding: 0;"> </iframe>', 'O Slope é o jogo de corrida definitivo que vai testar as tuas habilidades. Ganha velocidade numa rampa aleatória. Quanto mais longe fores, mais rápido viaja a tua bola. Este jogo pode parecer simples, mas jogá-lo vai dar-te uma sensação de adrenalina extrema. Apenas tens de te lembrar de evitar obstáculos e os blocos vermelhos. Mantém-te na pista para conseguires uma pontuação alta e talvez vejas o teu nome no quadro de classificações!\r\n'),
	(40, 'Moto X3m 3', '<iframe src="https://y8.com/embed/moto_x3m_3" scrolling="no" style="width: 800px; height: 600px; border: 0; margin: 0; padding: 0;"> </iframe>', 'O Moto X3m 3 não foi o primeiro jogo de motas da Mad Puffers. Contudo, foi o melhor dos primeiros porque utilizou tecnologias mais recentes e foi lançado com suporte móvel.'),
	(41, 'Death Run 3D', '<iframe src="https://y8.com/embed/death_run_3d" scrolling="no" style="width: 900px; height: 670px; border: 0; margin: 0; padding: 0;"> </iframe>', 'O Death Run 3D é um jogo extremamente rápido apenas para os verdadeiramente habilidosos. Se gostas de jogos hardocre, este jogo é para ti. Voas para dentro de um tubo com vários blocos e quase todos se movem. A tua tarefa é evitá-los. Os espaços entre blocos são muito curtos, por isso uma resposta rápida é a única forma de teres sucesso. O jogo mostra a tua pontuação na tabela de classificação global para que possas tentar ultrapassar-te e aos outros jogadores à volta do mundo, uma e outra vez. '),
	(42, 'Impossible Bike Stunt 3D', '<iframe src="https://y8.com/embed/impossible_bike_stunt_3d" scrolling="no" style="width: 960px; height: 656px; border: 0; margin: 0; padding: 0;"> </iframe>', 'Bem-vindo ao Impossible Bike Stunt 3D, onde seu desafio neste jogo é lidar com as armadilhas em cada nível. Tente sobreviver aos obstáculos mortais e termine o nível. A cada nível passado você ganhará dinheiro, que poderá gastar para comprar uma nova motocicleta mais rápida.'),
	(43, 'Drunken Archers Duel', '<iframe src="https://y8.com/embed/drunken_archers_duel" scrolling="no" style="width: 800px; height: 450px; border: 0; margin: 0; padding: 0;"> </iframe>', 'Drunken Archers Duel, um jogo de física divertido e emocionante para jogar. Controle os bonecos de pano bêbados, que seguram arco e flechas para matar uns aos outros. Como eles estão agindo como bêbados, tente mirar sua flecha em seu oponente e matá-lo antes que ele mate você. Calcule o ângulo correto antes de soltar a flecha do arco. Desafie seus amigos para vencê-lo, selecione qualquer modo entre single player e dual player e ganhe entre eles.'),
	(44, 'Penalty Kicks', '<iframe src="https://y8.com/embed/penalty_kicks" scrolling="no" style="width: 900px; height: 600px; border: 0; margin: 0; padding: 0;"> </iframe>', 'Ei, vocês, fãs de futebol! Quer praticar seus chutes? Bem, Penalty Kicks é o jogo para você. Este jogo pode ser jogado no computador e no celular para que você possa praticar quando quiser. Veja se você consegue marcar mais do que os outros na tabela de classificação!'),
	(45, 'Stickman Boost! 2', '<iframe src="https://y8.com/embed/stickman_boost_2" scrolling="no" style="width: 960px; height: 540px; border: 0; margin: 0; padding: 0;"> </iframe>', 'A tão esperada sequência do jogo cheio de ação e adrenalina "Stickman Boost! 2". Desta vez com ações mais emocionantes, acrobacias que desafiam a morte e toneladas de movimentos emocionantes! 10 fases desafiadoras que colocarão suas habilidades no limite. Conquistas que você terá que descobrir e uma tabela de classificação que lista apenas os Prós! Jogue este jogo agora e veja se você consegue ser um dos profissionais!'),
	(46, 'Color Spin', '<iframe src="https://y8.com/embed/color_spin" scrolling="no" style="width: 360px; height: 630px; border: 0; margin: 0; padding: 0;"> </iframe>', 'Color Spin é um jogo divertido compatível com toque onde você deve ter reflexos rápidos para combinar cores. Reaja rapidamente para manter uma série neste viciante jogo de combinação de cores. Este jogo tem um forte tipo de jogo Simon. A cor acende e deve combinar, agora só que com mais giro.'),
	(47, 'Wow Words', '<iframe src="https://y8.com/embed/wow_words" scrolling="no" style="width: 324px; height: 576px; border: 0; margin: 0; padding: 0;"> </iframe>', 'Jogo divertido e educativo. Conecte letras e forme palavras. 30 níveis para completar.\r\nArraste e faça conexão entre as letras. Complete todas as palavras para prosseguir para o próximo nível.'),
	(48, 'Parkour GO ', '<iframe src="https://y8.com/embed/parkour_go" scrolling="no" style="width: 960px; height: 620px; border: 0; margin: 0; padding: 0;"> </iframe>', 'Neste jogo de plataformas 3D você pode pular, correr e pendurar nas paredes.\r\nSeu objetivo é subir de um lugar a outro e chegar ao ponto vermelho.'),
	(49, 'Battle Robot T-Rex Age', '<iframe src="https://y8.com/embed/battle_robot_t-rex_age" scrolling="no" style="width: 800px; height: 600px; border: 0; margin: 0; padding: 0;"> </iframe>', 'Battle Robot T-Rex Age é um jogo de montagem semelhante à criação de modelos, exceto que você terá que lutar com suas criações depois. Junte as peças do seu T-Rex e avance para a próxima fase neste jogo de luta com tema de robô.'),
	(50, 'Woblox', '<iframe src="https://y8.com/embed/woblox" scrolling="no" style="width: 473px; height: 740px; border: 0; margin: 0; padding: 0;"> </iframe>', 'Woblox é um jogo de quebra-cabeça. Você tem que deslizar os blocos de madeira para que o verde possa ser movido até as setas verdes para sair. Uma boa habilidade de lógica é necessária para isso. Use o “mouse” para deslizar os blocos e liberar caminho.'),
	(51, 'Catch the Ball 2', '<iframe src="https://y8.com/embed/catch_the_ball_2" scrolling="no" style="width: 800px; height: 450px; border: 0; margin: 0; padding: 0;"> </iframe>', 'Alguém tem que colocar a bola no copo! Desenhe linhas na tela para criar um caminho para a bola saltadora. Tente fazê-lo entrar no copo e coletar todas as estrelas. Tenha cuidado para que ele não salte da tela! Divirta-se!'),
	(52, 'Ludo Classic', '<iframe src="https://y8.com/embed/ludo_classic" scrolling="no" style="width: 394px; height: 701px; border: 0; margin: 0; padding: 0;"> </iframe>', 'Para todos os amantes do Ludo! Aqui está aquele jogo clássico que proporcionará a você e seus amigos algum tempo de união. Jogue contra um a três de seus amigos. Revezem-se no lançamento dos dados. Mesmas regras do jogo de tabuleiro, mas podem ser jogadas no seu computador.'),
	(53, 'Mr Gun Y8', '<iframe src="https://y8.com/embed/mr_gun_y8" scrolling="no" style="width: 460px; height: 820px; border: 0; margin: 0; padding: 0;"> </iframe>', 'Mr. Gun Y8, um divertido jogo de tiro com muitos bandidos e um jogo de super armas. Suba as escadas, atire nos bandidos, ganhe dinheiro e compre fantasias para o nosso herói fofo e mais armas! Este é um tipo de jogo baseado em turnos, se você perder a mira, seu oponente atirará em você. Portanto, não perca a mira e atire em todos os adversários que enfrentar, tome cuidado com os chefes que são dons, gangsters e muito mais.'),
	(54, 'Merge Push', '<iframe src="https://y8.com/embed/merge_push" scrolling="no" style="width: 400px; height: 600px; border: 0; margin: 0; padding: 0;"> </iframe>', 'Merge Push, um divertido jogo de quebra-cabeça. Aqui vemos muitos números que precisamos mesclar para formar um número maior. Combine e mescle os mesmos números que começam em 2 e assim por diante. Alcance o número mais alto o mais rápido possível antes que os blocos toquem no chão. Então defenda seu fundo e mescle o máximo de blocos e alcance os números mais altos.'),
	(55, 'Shot Pong', '<iframe src="https://y8.com/embed/shot_pong" scrolling="no" style="width: 486px; height: 863px; border: 0; margin: 0; padding: 0;"> </iframe>', 'Não deixe a bola tocar o chão. Mantenha-o saltando o máximo que puder.'),
	(56, 'Drunken Duell', '<iframe src="https://y8.com/embed/drunken_duel" scrolling="no" style="width: 980px; height: 588px; border: 0; margin: 0; padding: 0;"> </iframe>', 'Experimente Drunken Duel, um emocionante jogo de física e tiro no qual você terá que controlar uma boneca de pano armada e bêbada. O pulso e a visão são muito afetados pelo álcool e será muito difícil acertar seu oponente. Calcule o momento certo para fotografar e desfrute de incríveis efeitos visuais e sonoros para viver uma experiência única e divertida.'),
	(57, 'Jogo da sustentabilidade', '<iframe src="https://www.ludoeducativo.com.br/pt/embed/jogo-da-sustentabilidade" width="960" height="706" style="width:960px;height:706px;border:0;margin:0;padding:0;" frameborder="0" title="Jogo da sustentabilidade - Portal Ludo Educativo"></iframe>', 'Jogue e aprenda a reciclar o lixo brincando.\r\n\r\n'),
	(58, 'EcoCasa', '<iframe src="https://www.ludoeducativo.com.br/pt/embed/ecocasa-remake" width="960" height="706" style="width:960px;height:706px;border:0;margin:0;padding:0;" frameborder="0" title="EcoCasa - Remake - Portal Ludo Educativo"></iframe>', 'Aprenda métodos eficientes de economia de água com este jogo! Jogo que auxilia na economia de água, mostrando ações de desperdício no dia a dia de uma casa.\r\n\r\n'),
	(59, 'Contra Corona', '<iframe src="https://www.ludoeducativo.com.br/pt/embed/contra-corona" width="960" height="706" style="width:960px;height:706px;border:0;margin:0;padding:0;" frameborder="0" title="Contra Corona - Portal Ludo Educativo"></iframe>', 'O poder de diminuir o impacto da pandemia do COVID-19 está em suas mãos! Ajude a achatar a curva lavando-as!\r\n\r\n\r\n\r\n'),
	(60, 'O dever me chama', '<iframe src="https://www.ludoeducativo.com.br/pt/embed/o-dever-me-chama" width="960" height="706" style="width:960px;height:706px;border:0;margin:0;padding:0;" frameborder="0" title="O dever me chama - Portal Ludo Educativo"></iframe>', 'Ajude nossa heroína à limpar o planeta, começando em sua casa! O Dever me Chama é um jogo focado na tarefa de separar os lixos corretamente. O jogo começa com a nossa heroína descobrindo a importância da separação correta do lixo para realizar o processo de reciclagem. Essa nova descoberta motiva a heroína a coletar os lixos encontrados por ela e dar a eles o destino correto.\r\n\r\n\r\n\r\n\r\n'),
	(61, 'Contra Dengue 3', '<iframe src="https://www.ludoeducativo.com.br/pt/embed/contra-dengue-3" width="960" height="834" style="width:960px;height:834px;border:0;margin:0;padding:0;" frameborder="0" title="Contra Dengue 3 - Portal Ludo Educativo"></iframe>', 'Sophia agora embarca em uma aventura no mundo digital. Encontre os irmãos Rômulo e Renata e, juntos, combatam a dengue!\r\n\r\n\r\n\r\n\r\n\r\n'),
	(62, 'Elementar', '<iframe src="https://www.ludoeducativo.com.br/pt/embed/elementar" width="960" height="706" style="width:960px;height:706px;border:0;margin:0;padding:0;" frameborder="0" title="Elementar - Portal Ludo Educativo"></iframe>', 'Venha para o laboratório e preencha sua tabela periódica, descubra os elementos jogando puyo-puyo e troque os repetidos com seus amigos! Libere os grupos para que possa ver seus vídeos especiais!\r\n\r\n\r\n\r\n\r\n\r\n\r\n'),
	(63, 'Mergulho Marinho', '<iframe src="https://www.ludoeducativo.com.br/pt/embed/mergulho-marinho" width="960" height="706" style="width:960px;height:706px;border:0;margin:0;padding:0;" frameborder="0" title="Mergulho Marinho - Portal Ludo Educativo"></iframe>', 'Despolua os mares pescando lixo para melhorar o habitat dos peixes.\r\n\r\n\r\n\r\n\r\n\r\n\r\n\r\n'),
	(64, 'Cruzadinha da reciclagem', '<iframe src="https://www.ludoeducativo.com.br/pt/embed/cruzadinha-da-reciclagem" width="960" height="706" style="width:960px;height:706px;border:0;margin:0;padding:0;" frameborder="0" title="Cruzadinha da reciclagem - Portal Ludo Educativo"></iframe>', 'Complete a cruzadinha com palavras relacionadas a reciclagem.\r\n\r\n\r\n\r\n\r\n\r\n'),
	(65, 'Quebra-Cabeça da Água', '<iframe src="https://www.ludoeducativo.com.br/pt/embed/quebra-cabeca-da-agua" width="960" height="706" style="width:960px;height:706px;border:0;margin:0;padding:0;" frameborder="0" title="Quebra-Cabeça da Água - Portal Ludo Educativo"></iframe>', 'Aprenda como usar água sem desperdiçar através destes quebra-cabeças!\r\n\r\n\r\n\r\n\r\n\r\n\r\n'),
	(66, 'EcoAqua', '<iframe src="https://www.ludoeducativo.com.br/pt/embed/quebra-cabeca-da-agua" width="960" height="706" style="width:960px;height:706px;border:0;margin:0;padding:0;" frameborder="0" title="Quebra-Cabeça da Água - Portal Ludo Educativo"></iframe>', 'Ajude os Koshis a economizar água na hora do banho. Você precisa garantir que o banho dos Koshis não use muita água, para isso desligue o chuveiro quando não precisar dele. EcoAqua foi desenvolvido com o objetivo de ensinar crianças, jovens e adultos sobre a importância do recurso natural esgotável mais importante que possuímos, a água.\r\n\r\n\r\n\r\n\r\n'),
	(67, 'Pizza Party', '<iframe src="https://y8.com/embed/pizza_party" scrolling="no" style="width: 800px; height: 600px; border: 0; margin: 0; padding: 0;"> </iframe>', 'Pizza Party é um dos primeiros jogos de culinária HTML5 onde você serve pizza e bebidas aos clientes. Você deve trabalhar rápido ou eles ficarão bravos com você. Além disso, você deseja ganhar uma grande gorjeta para obter pontuações mais altas. Pesquise também por Pizza Party 2.'),
	(68, 'DD Happy Glass', '<iframe src="https://y8.com/embed/dd_happy_glass" scrolling="no" style="width: 450px; height: 750px; border: 0; margin: 0; padding: 0;"> </iframe>', 'DD Happy Glass é um jogo de habilidade com mouse HTML5 que oferece diversos tipos de desafios. A primeira é encher o copo sem derramar a água. A segunda é retirar os blocos sem derramar água também. A última é virar perfeitamente o copo até o local desejado.');

-- Copiando estrutura para tabela jakgame.tags
CREATE TABLE IF NOT EXISTS `tags` (
  `id_tags` int NOT NULL AUTO_INCREMENT,
  `tag` varchar(255) DEFAULT NULL,
  `id_jogo` int DEFAULT NULL,
  PRIMARY KEY (`id_tags`),
  KEY `id_jogo` (`id_jogo`),
  CONSTRAINT `tags_ibfk_1` FOREIGN KEY (`id_jogo`) REFERENCES `jogo` (`id`)
) ENGINE=InnoDB AUTO_INCREMENT=238 DEFAULT CHARSET=utf8mb4 COLLATE=utf8mb4_0900_ai_ci;

-- Copiando dados para a tabela jakgame.tags: ~224 rows (aproximadamente)
INSERT INTO `tags` (`id_tags`, `tag`, `id_jogo`) VALUES
	(7, '1 jogador', 3),
	(8, '3 jogador', 3),
	(9, 'Cartas', 3),
	(10, 'Estratégia', 3),
	(14, '1 jogador', 5),
	(15, 'Carro', 5),
	(16, 'Corrida', 5),
	(17, '3D', 5),
	(18, '1 jogador', 6),
	(19, 'Habilidade', 6),
	(20, 'Arremesso', 6),
	(21, '1 jogador', 8),
	(22, '2 jogadores', 8),
	(23, 'Adivinhar', 8),
	(24, 'Habilidade', 8),
	(25, '1 jogador', 9),
	(26, 'Correr', 9),
	(27, 'Habilidade', 9),
	(28, 'Saltar', 9),
	(29, 'Stickman', 9),
	(30, '1 jogador', 10),
	(31, '3D', 10),
	(32, 'Arcade', 10),
	(33, 'Blocos', 10),
	(34, 'Habilidade', 10),
	(35, 'Estratégia', 10),
	(36, '1 jogador', 11),
	(37, 'Carro', 11),
	(38, 'Puzzle', 11),
	(39, 'Quebra-cabeças', 11),
	(40, 'Quebra-cabeças', 12),
	(41, 'Puzzle', 12),
	(42, 'Robôs', 12),
	(43, '1 jogador', 12),
	(44, '1 jogador', 13),
	(45, 'Habilidade', 13),
	(46, 'Hóquei', 13),
	(47, 'Habilidade', 13),
	(48, '1 jogador', 14),
	(49, 'Arcade', 14),
	(50, 'Música', 14),
	(51, '1 jogador', 15),
	(52, '2 jogadores', 15),
	(53, 'Luta', 15),
	(54, '1 jogador', 16),
	(55, 'Animal', 16),
	(56, 'Gato', 16),
	(57, 'Luta', 16),
	(58, 'Robôs', 16),
	(59, 'Plataformas', 16),
	(60, '1 jogador', 17),
	(61, 'Médico', 17),
	(63, 'Médico', 18),
	(64, '1 jogador', 18),
	(65, 'Jogos de Vestir', 18),
	(66, '1 jogador', 19),
	(68, '3D', 19),
	(69, 'Tiro', 19),
	(70, '3D', 20),
	(71, 'Futebol', 20),
	(73, '1 jogador', 20),
	(74, '2 jogadores', 20),
	(75, '1 jogador', 21),
	(76, 'Animal', 21),
	(77, 'Arcade', 21),
	(78, '1 jogador', 22),
	(79, '2 jogadores', 22),
	(80, 'Arcade', 22),
	(81, 'Plataformas', 22),
	(82, 'Puzzle', 22),
	(83, 'Obstáculo', 22),
	(84, '1 jogador', 23),
	(85, 'Tiro', 23),
	(86, '3D', 23),
	(87, 'Zumbi', 23),
	(88, 'Monstros', 23),
	(89, '1 jogador', 24),
	(90, 'Carro', 24),
	(91, '3D', 24),
	(92, 'Drifit', 24),
	(93, '1 jogador', 25),
	(94, 'Puzzle', 25),
	(95, 'Quebra-cabeças', 25),
	(96, '1 jogador', 26),
	(97, 'Bilhar', 26),
	(98, '1 jogador', 27),
	(99, '2 jogadores', 27),
	(100, 'Puzzle', 27),
	(101, '1 jogador', 28),
	(102, '2 jogadores', 28),
	(103, 'Arcade', 28),
	(104, 'Futebol', 28),
	(105, 'Estratégia', 28),
	(106, '1 jogador', 29),
	(107, 'Caminhão', 29),
	(108, 'Limpeza', 29),
	(109, '1 jogador', 30),
	(110, '3D', 30),
	(111, 'Animal', 30),
	(112, 'Obstáculo', 30),
	(113, 'Armadilha', 30),
	(114, '1 jogador', 31),
	(115, 'Luta', 31),
	(116, 'Pixel', 31),
	(117, '1 jogador', 32),
	(118, 'Armadilha', 32),
	(119, 'Obstáculo', 32),
	(120, 'Correr', 32),
	(121, '1 jogador', 33),
	(122, '3D', 33),
	(123, 'Tiro', 33),
	(124, '1 jogador', 34),
	(125, 'Luta', 34),
	(126, 'Robôs', 34),
	(127, 'Animal', 34),
	(128, '1 jogador', 35),
	(129, 'Jogos de Vestir', 35),
	(130, '1 jogador', 36),
	(131, '3D', 36),
	(132, 'Corrida', 36),
	(133, 'Obstáculo', 36),
	(134, 'Motos', 36),
	(135, '3D', 37),
	(136, 'Corrida', 37),
	(137, 'Motos', 37),
	(138, '1 jogador', 37),
	(139, '1 jogador', 38),
	(140, 'Obstáculo', 38),
	(141, 'Comida', 38),
	(142, 'Armadilha', 38),
	(143, '1 jogador', 39),
	(144, '3D', 39),
	(145, 'Plataformas', 39),
	(146, 'Obstáculo', 39),
	(147, 'Correr', 39),
	(148, '1 jogador', 40),
	(149, 'Motos', 40),
	(150, 'Corrida', 40),
	(151, '1 jogador', 41),
	(152, '3D', 41),
	(153, 'Arcade', 41),
	(154, 'Correr', 41),
	(155, 'Blocos', 41),
	(156, '1 jogador', 42),
	(157, '3D', 42),
	(158, 'Armadilha', 42),
	(159, 'Motos', 42),
	(160, 'Obstáculo', 42),
	(162, 'Corrida', 42),
	(163, '1 jogador', 43),
	(164, '2 jogadores', 43),
	(165, 'Luta', 43),
	(166, 'Arco', 43),
	(167, '1 jogador', 44),
	(168, '3D', 44),
	(169, 'Futebol', 44),
	(170, '1 jogador', 45),
	(171, 'Arcade', 45),
	(172, 'Armadilha', 45),
	(173, 'Stickman', 45),
	(174, 'Plataformas', 45),
	(175, '1 jogador', 46),
	(176, 'Blocos', 46),
	(177, '1 jogador', 47),
	(178, 'Puzzle', 47),
	(179, 'Palavras', 47),
	(180, '1 jogador', 48),
	(181, '3D', 48),
	(182, 'Parkour', 48),
	(183, '1 jogador', 49),
	(184, 'Robôs', 49),
	(185, 'Luta', 49),
	(186, 'Animal', 49),
	(187, '1 jogador', 50),
	(188, 'Blocos', 50),
	(189, 'Puzzle', 50),
	(190, 'Estratégia', 50),
	(191, '1 jogador', 51),
	(192, 'Puzzle', 51),
	(193, 'Desenhar', 51),
	(194, '2 jogadores', 52),
	(195, '3 jogadores', 52),
	(196, 'Tabuleiro', 52),
	(197, '1 jogador', 53),
	(198, 'Tiro', 53),
	(199, 'Habilidade', 53),
	(200, '1 jogador', 54),
	(201, 'Blocos', 54),
	(202, 'Puzzle', 54),
	(203, '1 jogador', 55),
	(204, 'Arcade', 55),
	(205, 'Retrô', 55),
	(206, '1 jogador', 56),
	(207, '2 jogadores', 56),
	(208, 'Luta', 56),
	(209, 'Tiro', 56),
	(210, '1 jogador', 57),
	(211, 'Sustentabilidade', 57),
	(212, 'Meio-ambiente', 57),
	(213, '1 jogador', 58),
	(214, 'Sustentabilidade', 58),
	(215, 'Economia', 58),
	(216, '1 jogador', 59),
	(217, 'Sustentabilidade', 59),
	(218, 'Covid-19', 59),
	(219, '1 jogador', 60),
	(220, 'Sustentabilidade', 60),
	(221, '1 jogador', 61),
	(222, 'Sustentabilidade', 61),
	(223, 'Sustentabilidade', 62),
	(224, '1 jogador', 62),
	(225, '1 jogador', 63),
	(226, 'Sustentabilidade', 63),
	(227, 'Sustentabilidade', 64),
	(228, '1 jogador', 64),
	(229, '1 jogador', 65),
	(230, 'Sustentabilidade', 65),
	(231, 'Sustentabilidade', 66),
	(232, '1 jogador', 66),
	(233, '1 jogador', 67),
	(234, 'Comida', 67),
	(235, '1 jogador', 68),
	(236, 'Habilidade', 68),
	(237, 'Água', 68);

-- Copiando estrutura para tabela jakgame.usuario
CREATE TABLE IF NOT EXISTS `usuario` (
  `id` int NOT NULL AUTO_INCREMENT,
  `usuario` varchar(40) DEFAULT NULL,
  `senha` varchar(500) DEFAULT NULL,
  `email` varchar(100) DEFAULT NULL,
  `foto_perfil` varchar(255) DEFAULT NULL,
  `foto_wallpaper` varchar(255) DEFAULT NULL,
  `admin` tinyint(1) DEFAULT NULL,
  PRIMARY KEY (`id`)
) ENGINE=InnoDB AUTO_INCREMENT=6 DEFAULT CHARSET=utf8mb4 COLLATE=utf8mb4_0900_ai_ci;

-- Copiando dados para a tabela jakgame.usuario: ~2 rows (aproximadamente)
INSERT INTO `usuario` (`id`, `usuario`, `senha`, `email`, `foto_perfil`, `foto_wallpaper`, `admin`) VALUES
	(3, 'JakGame', '$2y$10$g4U8BWLrzxqPIGu985aOsuVXn24nOoMgUgBf.Hi7YHxxXrunDDkpq', 'eujakgame@gmail.com', 'jaca.png', NULL, 1),
	(5, 'Mike', '$2y$10$rKyKmMcfON8GP9SwyM1JCupheJcF0cfhEZa72qea6cifmEgdPa8iG', 'mike@gmail.com', 'pizza.png', NULL, NULL);

/*!40103 SET TIME_ZONE=IFNULL(@OLD_TIME_ZONE, 'system') */;
/*!40101 SET SQL_MODE=IFNULL(@OLD_SQL_MODE, '') */;
/*!40014 SET FOREIGN_KEY_CHECKS=IFNULL(@OLD_FOREIGN_KEY_CHECKS, 1) */;
/*!40101 SET CHARACTER_SET_CLIENT=@OLD_CHARACTER_SET_CLIENT */;
/*!40111 SET SQL_NOTES=IFNULL(@OLD_SQL_NOTES, 1) */;
